source_path,source_blob_sha,source_git_mode,category,disposition,destination_path,destination_sha256,destination_mode,raw_blob_size,destination_size,exact_raw_copy,transformation,boundary_cleanup
models/common/models/deepseek_r1_distill_qwen_14b/README.md,2a7cb48dc5b11b92e1bf0401e1c58a53a385be71,100644,model_documentation,renamed,examples/deepseek_r1_distill_qwen_14b/README.md,06ea427dd9821717cde4c29750a2f43f75e1189a1e939da01cf7f1ea03ab7953,0644,3244,3244,true,content_preserving_path_move,false
models/common/tests/demos/deepseek_r1_distill_qwen_14b/__init__.py,e13459ada2877a67fad216d55a31379cb8db5e78,100644,example_support,renamed,examples/deepseek_r1_distill_qwen_14b/__init__.py,501d5b563ca412fa21db82bf39117b5480ecf99bcaf11996b9c3d5f1093bb9a8,0644,94,94,true,content_preserving_path_move,false
models/common/tests/demos/deepseek_r1_distill_qwen_14b/demo.py,e290555fc59afd3684de4275ccdeea728fac8c7f,100644,test_hybrid_demo,split,examples/deepseek_r1_distill_qwen_14b/demo.py,ba9e18e51545e034c2174144b49ddd3ae492f5f14b595de53266105da72f5246,0644,63158,63156,false,whole_pinned_snapshot;phase3_semantic_split_or_filter_deferred;mechanical_import_rewrites=12,true
models/common/models/llama32_1b/README.md,95ba7b7f0cdf6dadeb337c7c28a2b618933067c8,100644,model_documentation,renamed,examples/llama32_1b/README.md,fad99622f7076a8236c3ebe9686602f4e6e1a901f2ef41dd2f9113270a7b1497,0644,2003,2003,true,content_preserving_path_move,false
models/common/tests/demos/llama32_1b/__init__.py,3fb3dc325bc3a65cd541a59c08df3b2b437d6724,100644,example_support,renamed,examples/llama32_1b/__init__.py,cc2c73418c0211e5db739ce19e47b7c479f507d246e37239d90d0f469d73f1ef,0644,91,91,true,content_preserving_path_move,false
models/common/tests/demos/llama32_1b/demo.py,1b03e64cd311e252abd09e72e6a2a3418182e0a8,100644,test_hybrid_demo,split,examples/llama32_1b/demo.py,f69b82ff9fa22e46fad1bda07e1d81b84e05d3e440d252cf1ee857ee1e374e0a,0644,52822,52828,false,whole_pinned_snapshot;phase3_semantic_split_or_filter_deferred;mechanical_import_rewrites=11,true
models/common/models/llama32_3b/README.md,70e0ca570bf85fae396a7cb2d2e778b634dba62c,100644,model_documentation,renamed,examples/llama32_3b/README.md,9cdf2ea55aeefcf49afde996e42554ce8685ccce66975286028300b59b9b8064,0644,1857,1857,true,content_preserving_path_move,false
models/common/tests/demos/llama32_3b/__init__.py,3fb3dc325bc3a65cd541a59c08df3b2b437d6724,100644,example_support,renamed,examples/llama32_3b/__init__.py,cc2c73418c0211e5db739ce19e47b7c479f507d246e37239d90d0f469d73f1ef,0644,91,91,true,content_preserving_path_move,false
models/common/tests/demos/llama32_3b/demo.py,4d05b6998e2f7ec6c6a2ed1f8cea9b862dddc325,100644,test_hybrid_demo,split,examples/llama32_3b/demo.py,b0be2b12c132fdd50368910665e830d8177ea1f8a9a9b775773ba018599fde49,0644,53170,53176,false,whole_pinned_snapshot;phase3_semantic_split_or_filter_deferred;mechanical_import_rewrites=11,true
models/common/models/llama33_70b/README.md,2c72085b8529f5dcc219d43590ca39808030b229,100644,model_documentation,renamed,examples/llama33_70b/README.md,a47a2c36fd211c97fbe8b9f3aa3869f195dfd17306f085cd52487739182056e5,0644,2159,2159,true,content_preserving_path_move,false
models/common/tests/demos/llama33_70b/__init__.py,3fb3dc325bc3a65cd541a59c08df3b2b437d6724,100644,example_support,renamed,examples/llama33_70b/__init__.py,cc2c73418c0211e5db739ce19e47b7c479f507d246e37239d90d0f469d73f1ef,0644,91,91,true,content_preserving_path_move,false
models/common/tests/demos/llama33_70b/demo.py,cf019a10969bc523695508c4a02833e0dc1b6d46,100644,test_hybrid_demo,split,examples/llama33_70b/demo.py,af22130fbb32492629a208972a53046920405a5e275eabc23e8adeaf1d16cab7,0644,55255,55262,false,whole_pinned_snapshot;phase3_semantic_split_or_filter_deferred;mechanical_import_rewrites=12,true
models/common/models/llama3_8b/README.md,39cdea628ae88776a846c75f6413dea2bf91523d,100644,model_documentation,renamed,examples/llama3_8b/README.md,e352b177bf10d7eef5ba20dc0c8e45f15153f5bd4516a2f025ef0b543a776352,0644,17566,17566,true,content_preserving_path_move,false
models/common/tests/demos/llama3_8b/demo.py,5d0ff9235b1a965452afb5115fd374c9dcb48711,100644,test_hybrid_demo,split,examples/llama3_8b/demo.py,a8b8bf629bc016b3e7decac34444b341f90d5572126c6ed65cf90aa3b07ab634,0644,51951,51934,false,whole_pinned_snapshot;phase3_semantic_split_or_filter_deferred;mechanical_import_rewrites=15,true
models/common/tests/demos/llama3_8b/demo_utils.py,6590bd283b820469b2b1f02065c52fe7309700d2,100644,boundary_support,split,examples/llama3_8b/demo_utils.py,79f8466fe5fae91c7cfe8190e807c89a4e291d2f6448bfff38343747bd293d78,0644,7999,7999,true,whole_pinned_snapshot;phase3_semantic_split_or_filter_deferred,true
models/common/tests/demos/llama3_8b/reference_outputs/Llama-3.1-8B-Instruct.refpt,b5ee1619faa9824ed607befe5aff486046c8d8c7,100644,qualification_asset,split,examples/llama3_8b/reference_outputs/Llama-3.1-8B-Instruct.refpt,0e5814d840967729f86f21a1864dfacf94ac36ba6bb27b6e205596da9b9290b5,0644,50426,50426,true,whole_pinned_snapshot;phase3_semantic_split_or_filter_deferred,false
models/common/tests/demos/llama3_8b/sample_prompts/input_data_questions_prefill_128.json,a18cf6f4622f46dbafbbcfaee0a5a25d30a4292d,100644,qualification_asset,split,examples/llama3_8b/sample_prompts/input_data_questions_prefill_128.json,bb9b058fd614ef03c0ff98b68c981089c4bd2a2565c2ec068edcc5d575dd523d,0644,12586,12586,true,whole_pinned_snapshot;phase3_semantic_split_or_filter_deferred,false
models/common/models/mistral_7b/README.md,5033f04b0a379b225fecaa2f308ef29a8c81b877,100644,model_documentation,renamed,examples/mistral_7b/README.md,2012d78830a9e619406c3012becdf757f19a2b6af8719853036d4d8bbefd2ba5,0644,2732,2732,true,content_preserving_path_move,false
models/common/tests/demos/mistral_7b/demo.py,ce14cff6576a7761f47e6f02bc3b8111c9403e0f,100644,test_hybrid_demo,split,examples/mistral_7b/demo.py,1b5dff9d986fdb45d1ecd2d2e17b94e9e258bdd5df0bb976cef1f8db71446443,0644,54807,54805,false,whole_pinned_snapshot;phase3_semantic_split_or_filter_deferred;mechanical_import_rewrites=12,true
models/common/models/phi4/README.md,dfd61b3e7d996e7b918c4bc5e58d23c39585b3b1,100644,model_documentation,renamed,examples/phi4/README.md,fccdce071ccf517b185c1dfb9ff1770b39a8d01a2b134eab90446abdcc84291a,0644,2671,2671,true,content_preserving_path_move,false
models/common/tests/demos/phi4/__init__.py,e13459ada2877a67fad216d55a31379cb8db5e78,100644,example_support,renamed,examples/phi4/__init__.py,501d5b563ca412fa21db82bf39117b5480ecf99bcaf11996b9c3d5f1093bb9a8,0644,94,94,true,content_preserving_path_move,false
models/common/tests/demos/phi4/demo.py,684edcb5d70ec3dfce929521ef16e1c465c27a81,100644,test_hybrid_demo,split,examples/phi4/demo.py,349867061604496c6816f5994bc11504cf6963109c7224a4188648864a91bd16,0644,58923,58921,false,whole_pinned_snapshot;phase3_semantic_split_or_filter_deferred;mechanical_import_rewrites=12,true
models/common/models/qwen25_72b/README.md,f9197138b5306949803ce9d2461ba0d981ab0074,100644,model_documentation,renamed,examples/qwen25_72b/README.md,e2b4ee49c0128052aaa08fc12bf76fb99b1f04b4648e96ec744d539a27ef3733,0644,1899,1899,true,content_preserving_path_move,false
models/common/tests/demos/qwen25_72b/demo.py,cdd379606cb406faa96e61512d7e2784ae608d0e,100644,test_hybrid_demo,split,examples/qwen25_72b/demo.py,d1b5aee5325d725bf17742408ddf8030ea60099fcaf85103b6b5a201923fd458,0644,58159,58163,false,whole_pinned_snapshot;phase3_semantic_split_or_filter_deferred;mechanical_import_rewrites=10,true
models/common/models/qwen25_7b/README.md,ffb43813529c601b60139c52f73e531890bc2958,100644,model_documentation,renamed,examples/qwen25_7b/README.md,8dc5eb8856673f3071ce2cbe0553edf86b44ab0ca096e92a36f0dabc0fa2a410,0644,1676,1676,true,content_preserving_path_move,false
models/common/tests/demos/qwen25_7b/demo.py,65debda1048019b053776818341b5aabd081b115,100644,test_hybrid_demo,split,examples/qwen25_7b/demo.py,91fc1cfaad2238abac3d22710c4ce25e6bc9e18e484aa94959266da7fc1fdf28,0644,65120,65118,false,whole_pinned_snapshot;phase3_semantic_split_or_filter_deferred;mechanical_import_rewrites=12,true
models/common/models/qwen25_coder_32b/README.md,012ac37288d5f8cec572f377eae33ea1073b4e97,100644,model_documentation,renamed,examples/qwen25_coder_32b/README.md,82482459f39faccfc12af8eb451fb432c7ad24534e406910d5455fce066f7ad4,0644,1916,1916,true,content_preserving_path_move,false
models/common/tests/demos/qwen25_coder_32b/demo.py,714715c4774bd6ea48c1eec39684d4f1b34be3a5,100644,test_hybrid_demo,split,examples/qwen25_coder_32b/demo.py,9a14d3ac4f9659f4491b2f2915043ceb5af6d63d41fd0ff604f44d3a242f3ddc,0644,58509,58509,false,whole_pinned_snapshot;phase3_semantic_split_or_filter_deferred;mechanical_import_rewrites=8,true
models/common/models/qwen25_coder_32b/demo.py,2bb8240c112a6bff4098449ae343518566032fcd,100644,model_hybrid_demo,split,examples/qwen25_coder_32b/smoke.py,ec25ccb63ba94c674d32c0a77af3fdfab2eaf563e2c7a05f7db541f7fa30e0c6,0644,23803,23788,false,whole_pinned_snapshot;phase3_semantic_split_or_filter_deferred;mechanical_import_rewrites=7,true
models/common/models/qwen2_7b/README.md,b4f461486153f17c35544d5efadd82c458348882,100644,model_documentation,renamed,examples/qwen2_7b/README.md,8cf414c99dd4ca3623e4b4cbe699dc86a658104019b8d1f3da9ad4cf6e210300,0644,1759,1759,true,content_preserving_path_move,false
models/common/tests/demos/qwen2_7b/__init__.py,3fb3dc325bc3a65cd541a59c08df3b2b437d6724,100644,example_support,renamed,examples/qwen2_7b/__init__.py,cc2c73418c0211e5db739ce19e47b7c479f507d246e37239d90d0f469d73f1ef,0644,91,91,true,content_preserving_path_move,false
models/common/tests/demos/qwen2_7b/demo.py,cd9c3a2e81149517bed752b979d8336e36accf1a,100644,test_hybrid_demo,split,examples/qwen2_7b/demo.py,e55be11d8dab3c8f7d2d95982fe3587035514d879654ebe978e90b215dc69baa,0644,64187,64185,false,whole_pinned_snapshot;phase3_semantic_split_or_filter_deferred;mechanical_import_rewrites=12,true
models/common/models/qwen3_32b/README.md,6c009ce6ed61e0ccffbcc476095f8f0e71ce1cf9,100644,model_documentation,renamed,examples/qwen3_32b/README.md,c01326b22570c32f737f12cb32a7a343924f16e4fca8e096467410f8bdebe707,0644,3765,3765,true,content_preserving_path_move,false
models/common/tests/demos/qwen3_32b/demo.py,725e85f512141ceb4f7144333a0c6b1589daf2d8,100644,test_hybrid_demo,split,examples/qwen3_32b/demo.py,aeb8713c20e5b34daa8efc79f5e419a6700605f940fbd0237ff6d3a4e65f97c0,0644,96281,96284,false,whole_pinned_snapshot;phase3_semantic_split_or_filter_deferred;mechanical_import_rewrites=10,true
models/common/models/qwen3_32b/demo.py,53a91f37b6dba40d9558216d7f253a38561bbef9,100644,model_hybrid_demo,split,examples/qwen3_32b/smoke.py,7d77d772830bc527a3a4125485bbdcde3ebc7c79fb6ddb1161aa6f201f333c66,0644,23681,23666,false,whole_pinned_snapshot;phase3_semantic_split_or_filter_deferred;mechanical_import_rewrites=7,true
models/common/README.md,f5167e8faee535b5274ecf3b3fa8471cd17e9f57,100644,qualification_documentation,renamed,qualification/README.md,379212c2a812cd913c8f9ca98469b8551d6892ea08e9b8a7df4f64453549d210,0644,11684,11684,true,content_preserving_path_move,false
models/tt_transformers/tests/tale-of-two-cities.txt.bz2,6492fd4e209a20df7d4358b7a71415335db69c3a,100644,qualification_asset,renamed,qualification/assets/reference_inputs/tale-of-two-cities.txt.bz2,25d33cc39a17a4a576712e29056053cd8f818f1288e7b2a8abd668225e630e1e,0644,220255,220255,true,content_preserving_path_move,false
models/tt_transformers/demo/sample_prompts/eval_repeat_prompts_batch32.json,a89342d888863a5b3d619a31868abfae3c5ac9ea,100644,qualification_asset,renamed,qualification/assets/sample_prompts/eval_repeat_prompts_batch32.json,0e40322b335df8fd8934d37cfb03e43b5082dc3e841f0987010b15f85119b7f0,0644,11646,11646,true,content_preserving_path_move,false
models/tt_transformers/demo/sample_prompts/input_data_questions_prefill_128.json,a18cf6f4622f46dbafbbcfaee0a5a25d30a4292d,100644,qualification_asset,renamed,qualification/assets/sample_prompts/input_data_questions_prefill_128.json,bb9b058fd614ef03c0ff98b68c981089c4bd2a2565c2ec068edcc5d575dd523d,0644,12586,12586,true,content_preserving_path_move,false
models/tt_transformers/model_params/Qwen3-32B/config.json,12ea4a36c6ac093af8d8dbc3bd435ae8b67067d6,100644,qualification_asset,renamed,qualification/model_params/Qwen3-32B/config.json,855a9d23f97f8771c84280619ae156c8f73c9cd64a5d53a059125b4aecab12d4,0644,729,729,true,content_preserving_path_move,false
models/tttv2_llama33_70b_bh_required_capabilities.json,2eb08039c349d991aa11b26dd9fc31ac349d90ea,100644,qualification_manifest,renamed,qualification/manifests/llama33_70b/bh_required_capabilities.json,3d35dffc16c9cc653758a5dbd1fbd65bcfc6ca4d8ea99a9f4a785b03a283cdf9,0644,16973,16973,true,content_preserving_path_move,false
models/tttv2_llama3_8b_bh_required_capabilities.json,f0e914be84d2341f21832de3b9ac4241ddf75f2d,100644,qualification_manifest,renamed,qualification/manifests/llama3_8b/bh_required_capabilities.json,10fea4ad27b9b596ebdb298148d396bef383b896ffd6aed0e89daf09076d875f,0644,48286,48286,true,content_preserving_path_move,false
models/model_targets.yaml,ae06b23a35609f013fa66b10014c1bfad1d0c2ee,100644,qualification_manifest,split,qualification/manifests/model_targets.yaml,a00a1d11122bc216beb111a10507db4dd9111e57e681a1f36aabf400ca9a5024,0644,52083,52083,true,whole_pinned_snapshot;phase3_semantic_split_or_filter_deferred,true
models/model_trace_region_sizes.yaml,ae2e4a9f6d5f9edcf3bf9e165a3ffbd85a0902d7,100644,qualification_manifest,split,qualification/manifests/model_trace_region_sizes.yaml,cf377dc703426e2bbf7e7d64a16e35cda2ffbf7a69e5590be6d0af10ed3c48a7,0644,11846,11846,true,whole_pinned_snapshot;phase3_semantic_split_or_filter_deferred,true
models/tttv2_qwen3_32b_bh_required_capabilities.json,3f9a6ec4dcde9dd846d46170c2567432c6352ca8,100644,qualification_manifest,renamed,qualification/manifests/qwen3_32b/bh_required_capabilities.json,b5da73d9a019ad6519db7a44078ca2eba068898916cc2272b41b791c3058964c,0644,19174,19174,true,content_preserving_path_move,false
.github/workflows/silencer.lock.yml,5f0dcf950d77c93559c94908e4fc9604b5ea157b,100644,source_ci_manifest,split,qualification/manifests/source_ci/github_workflows/silencer.lock.yml,04907f01d82bd5f4637c7e7631238f039e839e7c82ef823361cad29702b80b03,0644,255459,255459,true,whole_pinned_snapshot;phase3_semantic_split_or_filter_deferred,true
.github/workflows/t3000-unit-tests.yaml,7b8c95470b49bfb15bf716b91c13e2d923f92645,100644,source_ci_manifest,split,qualification/manifests/source_ci/github_workflows/t3000-unit-tests.yaml,674d71149453195394ddbfddece2e19849c0277ea76f804fa7d76dc1cb3fcdd9,0644,2038,2038,true,whole_pinned_snapshot;phase3_semantic_split_or_filter_deferred,true
.github/workflows/test-command.lock.yml,965421d3b4d8d6d0218f62b7e786c8af3e686997,100644,source_ci_manifest,split,qualification/manifests/source_ci/github_workflows/test-command.lock.yml,4d103048ec1bdac37edbd4b6aacf4425c025d0a47683cf4932131d76b9218db3,0644,273775,273775,true,whole_pinned_snapshot;phase3_semantic_split_or_filter_deferred,true
tests/pipeline_reorg/models_e2e_tests.yaml,b5950e6b7e628819e4e225746de4afaffba2b7fc,100644,source_ci_manifest,split,qualification/manifests/source_ci/pipeline_reorg/models_e2e_tests.yaml,db8f5563ab0935556d6ddc7a67e46864526dc8e047a9b23a669528eece5ce04c,0644,74731,74731,true,whole_pinned_snapshot;phase3_semantic_split_or_filter_deferred,true
tests/pipeline_reorg/models_sweep_tests.yaml,69116fd9b673057aaeb60f19264a1947b5cc8348,100644,source_ci_manifest,split,qualification/manifests/source_ci/pipeline_reorg/models_sweep_tests.yaml,8f65f507b0d0f70a322df071ab5610968027eb6ef7ef32cb440569408a7199eb,0644,8021,8021,true,whole_pinned_snapshot;phase3_semantic_split_or_filter_deferred,true
tests/pipeline_reorg/models_unit_tests.yaml,8e23036e255ada04647fe33922203f73cfe14ccb,100644,source_ci_manifest,split,qualification/manifests/source_ci/pipeline_reorg/models_unit_tests.yaml,834c80ff7575a0685ac4593f8de936b7c1d13e4dd309ae947030b3e1a2c30497,0644,73423,73423,true,whole_pinned_snapshot;phase3_semantic_split_or_filter_deferred,true
models/common/readiness_check/__init__.py,9bc5900beb4e8f60ebcc67605a88967ee510473a,100644,qualification_tool,renamed,qualification/readiness/__init__.py,188ee2e5b950083168c3d44976d7cffb3bc18f9a894fde021f456100f5ff205b,0644,1117,1117,true,content_preserving_path_move,true
models/common/readiness_check/autoregressive_prompt.txt,1d24a4076fb5551a43fdad8d4ce502ca4050801d,100644,qualification_asset,renamed,qualification/readiness/autoregressive_prompt.txt,0445dd8d04219f22c9fdb8093aba567eff04b7e5a36f351846430e79e154d308,0644,293,293,true,content_preserving_path_move,false
models/common/readiness_check/check_degenerate_output.py,e48bf14f4f5faff1141c2f0a4fe9cde989e90b16,100644,qualification_tool,renamed,qualification/readiness/check_degenerate_output.py,2629d86ae7be926a21e4839d151d21037e0851e98266f1b9a100e7cf14541db4,0644,18271,18271,true,content_preserving_path_move,true
models/common/readiness_check/contract.py,f9ec9dc321abcf1474e5845bf63c1139b02082db,100644,qualification_tool,renamed,qualification/readiness/contract.py,2656dad613acad8df8a392cbfa336a722181138a6a755a4a0b9535fc1ea8494a,0644,11331,11331,true,content_preserving_path_move,true
models/common/readiness_check/contract_vllm.py,17532121d80665f4e761c0accf1804b47a9e24a0,100644,qualification_tool,renamed,qualification/readiness/contract_vllm.py,1cad43e6e36705297dbfa5416b38cf4ee555a564a2463066f1676ffc5ac8a5a7,0644,8038,8038,true,content_preserving_path_move,true
models/common/readiness_check/generate.py,645b6c947b04066a9c1f65671c0a0d18948c62c4,100644,qualification_tool,renamed,qualification/readiness/generate.py,2d4b380d325f964aa2b1d65d51c6a8657802f7069082fa1cd78f144610aab347,0644,18740,18740,true,content_preserving_path_move,true
models/common/readiness_check/mesh_device.py,cd7b66bc550f71518884f1c45193a06704980d60,100644,qualification_tool,renamed,qualification/readiness/mesh_device.py,13a3295cf60e9ff0a4e7b628eb1f231d13c299cfbba5b22d64dd1a2dd7c1f894,0644,2582,2582,true,content_preserving_path_move,true
models/common/readiness_check/references/.gitignore,29426e6d5e0492a7ee277b31c22cf9dcae271fa1,100644,qualification_asset,renamed,qualification/readiness/references/.gitignore,41cc993e055d16b3faabea46e8bf6c60921bb5be4718f2a0358c1b07e1a20ae1,0644,59,59,true,content_preserving_path_move,false
models/common/readiness_check/run_autoregressive.py,ed00364cfde309bc72984fa943bb47e09e01bab6,100644,qualification_tool,renamed,qualification/readiness/run_autoregressive.py,e30d619594db5ae0de004946d9b064a17e639b26d99885804a7ed9672e2d0ed3,0644,8770,8770,true,content_preserving_path_move,true
models/common/readiness_check/run_prefill_check.py,c132ef13786dd7307acc9de632100f142ac9afea,100644,qualification_tool,renamed,qualification/readiness/run_prefill_check.py,f50fd1e5e4621c0fb4e286ede85ee831da652cb7af8f7f5d3d873b8ae474c607,0644,8296,8296,true,content_preserving_path_move,true
models/common/readiness_check/run_teacher_forcing.py,e0461ec72b7b318ef51ebadb83e792a39ec4b4a8,100644,qualification_tool,renamed,qualification/readiness/run_teacher_forcing.py,11f812bd493c687e61710bf3f81e0df749f88f14f47677c6497394d3cc1537a8,0644,10959,10959,true,content_preserving_path_move,true
models/common/readiness_check/run_vllm_server.py,854a62c6b4caedd64708da951c89c51af96d10d2,100644,qualification_tool,renamed,qualification/readiness/run_vllm_server.py,051d45493d4a822da38395f506188f08d46cba981ef1e1e9d7a0a74efd7c291c,0644,42286,42286,true,content_preserving_path_move,true
models/common/readiness_check/schema.py,339308ea412b41bcee3ade389c0d07f1d2147d9e,100644,qualification_tool,renamed,qualification/readiness/schema.py,1d3e0a89b8718fafafc12ce05d458e011072f77a51ec3fb4a1c7f67bd7b68617,0644,5235,5235,true,content_preserving_path_move,true
models/common/readiness_check/teacher_forcing.py,8de088c6e2411310da9be9e63c1b4eec175b9639,100644,qualification_tool,renamed,qualification/readiness/teacher_forcing.py,29d814bacbfb78d6f4c0cda8f3b7b8bc073e0654ae1fcb4687c779ff840c20bb,0644,6282,6282,true,content_preserving_path_move,true
models/common/readiness_check/vllm_prompts.txt,b95c9244dec7f2a9c9ce7c67a3590b023c7f4cf6,100644,qualification_asset,renamed,qualification/readiness/vllm_prompts.txt,2ad452c15d8442d3fe641eb968bbd84e3bfe9acb01ddc540f451983c0da3cbbd,0644,408,408,true,content_preserving_path_move,false
models/tttv2_bh_required_capabilities.schema.json,929cfa7f42485f847263f6bd75826b34e4123abc,100644,qualification_schema,renamed,qualification/schemas/bh_required_capabilities.schema.json,d162e755a2277fae6054addb88fb34af0334a1d184a7c30cf6fa55b6262f4500,0644,7514,7514,true,content_preserving_path_move,false
models/common/auto_compose.py,571fa0f114b567d4bb61734d36dbac010a29ab37,100644,qualification_tool,renamed,qualification/tools/auto_compose.py,498aa67bcd2a2d7e34b4be1dd89885b8d9b80ffb1fa39bae60ba4feb4dac5c48,0644,5863,5863,true,content_preserving_path_move,false
models/perf/benchmarking_utils.py,7043bb05d3439bc85414436c9b1b0d0b985229c2,100644,qualification_tool,split,qualification/tools/benchmarking_utils.py,7dd59148b8027c8d2111855113bc4adeff763e67424d7f11c02356f5beefb7e7,0644,8442,8442,true,whole_pinned_snapshot;phase3_semantic_split_or_filter_deferred,true
models/common/tests/demos/deepseek_r1_distill_qwen_14b/generate_book_refpt.py,9f3c5903a11e8b7da5359d41742f2c70dc2766d7,100644,qualification_tool,renamed,qualification/tools/deepseek_r1_distill_qwen_14b/generate_book_refpt.py,863494d3509efeed88e7accfdb141221711f346b3bd4b0103278fbf4baa3d979,0644,5994,5994,true,content_preserving_path_move,false
models/common/distribute_as.py,fc309609103fc149c0388737236041fe4d7a4c59,100644,qualification_tool,renamed,qualification/tools/distribute_as.py,ac0d02c3a1591a02d07f12dd274f8f7caf7b7fdc68b6134512ba82db48e6fac3,0644,4925,4925,true,content_preserving_path_move,false
models/demos/utils/llm_demo_utils.py,a3140959e4e94642c8b87afe58aa0763fe20ea45,100644,qualification_tool,split,qualification/tools/llm_demo_utils.py,d82b0c042b3bfea1d3437f22ab3caaabfc69dafba4936c882318ed0169853711,0644,14891,14900,false,whole_pinned_snapshot;phase3_semantic_split_or_filter_deferred;mechanical_import_rewrites=2,true
models/common/metrics.py,852f199626702f99517c5ce176b3fb7c8d300e6b,100644,qualification_tool,renamed,qualification/tools/metrics.py,6a6931eebd04d0d9378cd22e33c5e4097c7d6507544df1abd01b852c997b1ddf,0644,20304,20304,true,content_preserving_path_move,false
models/demos/utils/model_targets.py,88928b2cf686ae2e68fbbcadbd73d343fc07af2f,100644,qualification_tool,split,qualification/tools/model_targets.py,24494a8c28b0c728b7cd58bf78067951a6f673d30b158f22e1f2a489811126a1,0644,7200,7200,true,whole_pinned_snapshot;phase3_semantic_split_or_filter_deferred,true
models/common/tests/demos/qwen25_72b/generate_controlled_refpt.py,7ed7f5b022192233ea8bd5008e56ce4b97d4902c,100644,qualification_tool,renamed,qualification/tools/qwen25_72b/generate_controlled_refpt.py,c64847eaaea375c2f58aad6521716c35892f30007d999a987c4ea4814f408c8b,0644,6948,6950,false,content_preserving_path_move;mechanical_import_rewrites=1,false
models/common/tests/demos/qwen2_7b/generate_controlled_refpt.py,8ea9c75a6ea2b0bae57377f49445a55c46273214,100644,qualification_tool,renamed,qualification/tools/qwen2_7b/generate_controlled_refpt.py,566ee0b1befb07dcbb22fd8e6c2e145ab3297dddfc868bca5c177ad2b11ee2c7,0644,5402,5402,true,content_preserving_path_move,false
models/tt_transformers/tests/generate_reference_hf.py,f14ba128cd082d169ce3957d6db6654fd048fee7,100644,qualification_tool,split,qualification/tools/reference_outputs/generate_reference_hf.py,9a10f4f42ea64139d8d4ca5a220bc4f5088131eb6018ff21c8d4c5afd59fbab4,0644,6647,6647,true,whole_pinned_snapshot;phase3_semantic_split_or_filter_deferred,true
models/tt_transformers/tests/generate_reference_outputs.py,a68ea3fe612c41a6ab1aa8d517fda023f71a742f,100644,qualification_tool,split,qualification/tools/reference_outputs/generate_reference_outputs.py,50b9a591e16967c025003eb96f7f1cd60521b312a8608593d36448b619187fd4,0644,7897,7897,true,whole_pinned_snapshot;phase3_semantic_split_or_filter_deferred,true
models/tt_transformers/tests/generate_reference_outputs.sh,bf27608c01578312e45efa566e96c0e8fa53a08e,100755,qualification_tool,split,qualification/tools/reference_outputs/generate_reference_outputs.sh,ff5345c6331cd6197d7899826ed21e66aea12103b688d5ac61bc6144715106a1,0755,2782,2782,true,whole_pinned_snapshot;phase3_semantic_split_or_filter_deferred,true
tests/scripts/t3000/run_t3000_unit_tests.sh,7fffcf3022ae2debf4ae45cc0364fea4dbe626f8,100755,source_ci_manifest,split,qualification/tools/source_ci/run_t3000_unit_tests.sh,4dcb252f2795dc30a73060de9c0af9e64c52a210b4ec49aaf84f09dfd2cba40b,0755,22560,22560,true,whole_pinned_snapshot;phase3_semantic_split_or_filter_deferred,true
models/demos/utils/trace_region_sizes.py,58de7b11a90c622c9cb992cd0bb222f4f7331d5e,100644,qualification_tool,split,qualification/tools/trace_region_sizes.py,4e1733869d6e5438da9cbd1a81038d919620fa70424e32a41a373b26ea5a2ddb,0644,7516,7517,false,whole_pinned_snapshot;phase3_semantic_split_or_filter_deferred;mechanical_import_rewrites=1,true
models/tttv2_validate_bh_required_capabilities.py,9bdca9b09592ae76bb8171881793a43bd09cfd50,100644,qualification_tool,renamed,qualification/tools/validate_bh_required_capabilities.py,711fe12f531ebe77be728ad91b2ab24756d4934ca94650bd30d6df3550039283,0644,46001,46001,true,content_preserving_path_move,true
models/tttv2_validate_vllm_matrix.py,ed44eb95cfdfd35ba3bab71d3093b3900b155952,100644,qualification_tool,renamed,qualification/tools/validate_vllm_matrix.py,85d283b74a46ed16b60126645024b63c664be4b6d90c11e5a17c2f84361f322b,0644,80760,80760,true,content_preserving_path_move,true
models/common/validation_tools.py,d9ea69e5c8a04c0e17d35446e2fc85909c80f1fc,100644,qualification_tool,renamed,qualification/tools/validation_tools.py,36feab193749611a1fe19cd9102db4c7bb19a8ddde9d6ea39344501e42e542b6,0644,29052,29052,true,content_preserving_path_move,false
models/tttv2_vllm_hardware_gate_runner.sh,59f43c23e5b2c84dd8aeb32391c94c55912a0c64,100755,qualification_tool,renamed,qualification/tools/vllm_hardware_gate_runner.sh,efed7e1feb7140eae9d6572b9a666d55c47e3ec6af041e8e48e24600650bfbf8,0755,60050,60050,true,content_preserving_path_move,true
conftest.py,f8f547a30a2b4f920c745638f91647b8963e6f74,100644,test_fixture,split,tests/conftest.py,0a7538dc5a736d50f7321412e63f57b3ab44b68dbdcf47d04c3e77cb4236f0c8,0644,51566,73856,false,merged_fixture_snapshots;mechanical_import_rewrites=1;phase3_fixture_reduction_deferred,true
models/common/tests/conftest.py,40ddbac9a91e704e684fbece8cc9becc017d50ed,100644,test_fixture,renamed,tests/conftest.py,0a7538dc5a736d50f7321412e63f57b3ab44b68dbdcf47d04c3e77cb4236f0c8,0644,16614,73856,false,merged_fixture_snapshots;mechanical_import_rewrites=1;phase3_fixture_reduction_deferred,true
models/conftest.py,933fd55912e7b2e9fb48018fc4899dfe93245fe5,100644,test_fixture,split,tests/conftest.py,0a7538dc5a736d50f7321412e63f57b3ab44b68dbdcf47d04c3e77cb4236f0c8,0644,5382,73856,false,merged_fixture_snapshots;mechanical_import_rewrites=1;phase3_fixture_reduction_deferred,true
models/common/tests/demos/deepseek_r1_distill_qwen_14b/demo.py,e290555fc59afd3684de4275ccdeea728fac8c7f,100644,test_hybrid_demo,split,tests/hardware/models/deepseek_r1_distill_qwen_14b/test_demo.py,ba9e18e51545e034c2174144b49ddd3ae492f5f14b595de53266105da72f5246,0644,63158,63156,false,whole_pinned_snapshot;phase3_semantic_split_or_filter_deferred;mechanical_import_rewrites=12,true
models/common/tests/demos/llama32_1b/demo.py,1b03e64cd311e252abd09e72e6a2a3418182e0a8,100644,test_hybrid_demo,split,tests/hardware/models/llama32_1b/test_demo.py,f69b82ff9fa22e46fad1bda07e1d81b84e05d3e440d252cf1ee857ee1e374e0a,0644,52822,52828,false,whole_pinned_snapshot;phase3_semantic_split_or_filter_deferred;mechanical_import_rewrites=11,true
models/common/tests/demos/llama32_3b/demo.py,4d05b6998e2f7ec6c6a2ed1f8cea9b862dddc325,100644,test_hybrid_demo,split,tests/hardware/models/llama32_3b/test_demo.py,b0be2b12c132fdd50368910665e830d8177ea1f8a9a9b775773ba018599fde49,0644,53170,53176,false,whole_pinned_snapshot;phase3_semantic_split_or_filter_deferred;mechanical_import_rewrites=11,true
models/common/tests/demos/llama33_70b/demo.py,cf019a10969bc523695508c4a02833e0dc1b6d46,100644,test_hybrid_demo,split,tests/hardware/models/llama33_70b/test_demo.py,af22130fbb32492629a208972a53046920405a5e275eabc23e8adeaf1d16cab7,0644,55255,55262,false,whole_pinned_snapshot;phase3_semantic_split_or_filter_deferred;mechanical_import_rewrites=12,true
models/common/tests/demos/llama3_8b/demo.py,5d0ff9235b1a965452afb5115fd374c9dcb48711,100644,test_hybrid_demo,split,tests/hardware/models/llama3_8b/test_demo.py,4f5d5ae7889e1ab79899f78eab1614ad72867c551eecec642fb89102da612dcd,0644,51951,51938,false,whole_pinned_snapshot;phase3_semantic_split_or_filter_deferred;mechanical_import_rewrites=15,true
models/common/tests/demos/mistral_7b/demo.py,ce14cff6576a7761f47e6f02bc3b8111c9403e0f,100644,test_hybrid_demo,split,tests/hardware/models/mistral_7b/test_demo.py,1b5dff9d986fdb45d1ecd2d2e17b94e9e258bdd5df0bb976cef1f8db71446443,0644,54807,54805,false,whole_pinned_snapshot;phase3_semantic_split_or_filter_deferred;mechanical_import_rewrites=12,true
models/common/tests/demos/phi4/demo.py,684edcb5d70ec3dfce929521ef16e1c465c27a81,100644,test_hybrid_demo,split,tests/hardware/models/phi4/test_demo.py,349867061604496c6816f5994bc11504cf6963109c7224a4188648864a91bd16,0644,58923,58921,false,whole_pinned_snapshot;phase3_semantic_split_or_filter_deferred;mechanical_import_rewrites=12,true
models/common/tests/demos/qwen25_72b/demo.py,cdd379606cb406faa96e61512d7e2784ae608d0e,100644,test_hybrid_demo,split,tests/hardware/models/qwen25_72b/test_demo.py,d1b5aee5325d725bf17742408ddf8030ea60099fcaf85103b6b5a201923fd458,0644,58159,58163,false,whole_pinned_snapshot;phase3_semantic_split_or_filter_deferred;mechanical_import_rewrites=10,true
models/common/tests/demos/qwen25_7b/demo.py,65debda1048019b053776818341b5aabd081b115,100644,test_hybrid_demo,split,tests/hardware/models/qwen25_7b/test_demo.py,91fc1cfaad2238abac3d22710c4ce25e6bc9e18e484aa94959266da7fc1fdf28,0644,65120,65118,false,whole_pinned_snapshot;phase3_semantic_split_or_filter_deferred;mechanical_import_rewrites=12,true
models/common/tests/demos/qwen25_coder_32b/demo.py,714715c4774bd6ea48c1eec39684d4f1b34be3a5,100644,test_hybrid_demo,split,tests/hardware/models/qwen25_coder_32b/test_demo.py,9a14d3ac4f9659f4491b2f2915043ceb5af6d63d41fd0ff604f44d3a242f3ddc,0644,58509,58509,false,whole_pinned_snapshot;phase3_semantic_split_or_filter_deferred;mechanical_import_rewrites=8,true
models/common/models/qwen25_coder_32b/demo.py,2bb8240c112a6bff4098449ae343518566032fcd,100644,model_hybrid_demo,split,tests/hardware/models/qwen25_coder_32b/test_smoke.py,ec25ccb63ba94c674d32c0a77af3fdfab2eaf563e2c7a05f7db541f7fa30e0c6,0644,23803,23788,false,whole_pinned_snapshot;phase3_semantic_split_or_filter_deferred;mechanical_import_rewrites=7,true
models/common/tests/demos/qwen2_7b/demo.py,cd9c3a2e81149517bed752b979d8336e36accf1a,100644,test_hybrid_demo,split,tests/hardware/models/qwen2_7b/test_demo.py,e55be11d8dab3c8f7d2d95982fe3587035514d879654ebe978e90b215dc69baa,0644,64187,64185,false,whole_pinned_snapshot;phase3_semantic_split_or_filter_deferred;mechanical_import_rewrites=12,true
models/common/tests/demos/qwen3_32b/demo.py,725e85f512141ceb4f7144333a0c6b1589daf2d8,100644,test_hybrid_demo,split,tests/hardware/models/qwen3_32b/test_demo.py,aeb8713c20e5b34daa8efc79f5e419a6700605f940fbd0237ff6d3a4e65f97c0,0644,96281,96284,false,whole_pinned_snapshot;phase3_semantic_split_or_filter_deferred;mechanical_import_rewrites=10,true
models/common/models/qwen3_32b/demo.py,53a91f37b6dba40d9558216d7f253a38561bbef9,100644,model_hybrid_demo,split,tests/hardware/models/qwen3_32b/test_smoke.py,7d77d772830bc527a3a4125485bbdcde3ebc7c79fb6ddb1161aa6f201f333c66,0644,23681,23666,false,whole_pinned_snapshot;phase3_semantic_split_or_filter_deferred;mechanical_import_rewrites=7,true
models/common/tests/test_device_lock.py,4c01f8a05560428e3f44c434cef3ca66214f496d,100644,test,renamed,tests/hardware/test_device_lock.py,1ae213f4f3290902ae9a673e38d54116419f95c36313f876855d8f9a17fe6b5a,0644,3964,3950,false,content_preserving_path_move;mechanical_import_rewrites=1,false
models/common/tests/test_mesh_fixture_policy.py,da76018f9bdb83ad5ef89bb2d9b65a1781fa0ae8,100644,test,renamed,tests/hardware/test_mesh_fixture_policy.py,b521f3354ac7576e911768309e0a3a6f12982e1781bc3f3e6f09d1bfc45e6d04,0644,2721,2709,false,content_preserving_path_move;mechanical_import_rewrites=2,false
models/common/tests/host/test_metrics_pytorch_only.py,65188f86234e5b1007ed2ef9a43fdc2575420773,100644,test,renamed,tests/host/test_metrics_pytorch_only.py,b7686eaaeee9f9c7a80bc8d82251f08b759ec511fd3e6f12e921678dec79f8ca,0644,2538,2544,false,content_preserving_path_move;mechanical_import_rewrites=1,false
models/common/tests/demos/cleanup_utils.py,80df955f818ab054d69d9e003d52665f0dcb369d,100644,boundary_support,split,tests/integration/cleanup_utils.py,a22fecf4779b57e4fe3d692c09fded30dc27a38e003b835c465a42a04fd9f9f8,0644,3068,3070,false,whole_pinned_snapshot;phase3_semantic_split_or_filter_deferred;mechanical_import_rewrites=1,true
models/common/tests/demos/run_helpers.py,6f346e4df73e79fd4fe30b91e4bd1b6c1a87c201,100644,boundary_support,split,tests/integration/run_helpers.py,d8fba353e5e00dd2d928d41a7ba8cc34b2d65147cd51eb2d4f4e99c19add8a56,0644,44665,44665,true,whole_pinned_snapshot;phase3_semantic_split_or_filter_deferred,true
models/common/tests/demos/test_cleanup_utils.py,676255a5c5411e0fba41af0471526bbf27d5f412,100644,test,renamed,tests/integration/test_cleanup_utils.py,6364a13660153c6d733ec36c278f5505db44bb928bbe9c4b4194a58a3ecdb367,0644,5630,5622,false,content_preserving_path_move;mechanical_import_rewrites=1,false
models/common/tests/demos/test_run_helpers.py,e23b96cfc096c956dc7e25f7ac2613a7321ed7ad,100644,test,renamed,tests/integration/test_run_helpers.py,f17e6f041d0c492442fc61740448c15403a9cd69bbaa4889587a36201ff3cab2,0644,24407,24393,false,content_preserving_path_move;mechanical_import_rewrites=3,false
models/common/tests/llm_runtime/test_config.py,37bd1af92fa51d0708b51dd04185e34dea86af75,100644,test,renamed,tests/llm_runtime/test_config.py,e43757e5ae5b441e9c1d8b0074dd77e690f5b62cd767ad581778815a03d9618e,0644,4629,4635,false,content_preserving_path_move;mechanical_import_rewrites=3,false
models/common/tests/llm_runtime/test_decode_runtime.py,00bac5212e2b1a195f71df3628a331ab1e238a56,100644,test,renamed,tests/llm_runtime/test_decode_runtime.py,eddf2cb3ded7566e6167258a06b4d2a2471cd060e89245880fd96f1240049961,0644,46515,46527,false,content_preserving_path_move;mechanical_import_rewrites=6,false
models/common/tests/llm_runtime/test_execution.py,fdcb3716df7b6cfc11c999a98da28fa4aba24c03,100644,test,renamed,tests/llm_runtime/test_execution.py,78ad37fb09101a3734278f9f47450ddeb8c1ace00877b878a37fe11b0feabba8,0644,32295,32311,false,content_preserving_path_move;mechanical_import_rewrites=8,false
models/common/tests/llm_runtime/test_executor_integration.py,48d7df4da2f2f3746fc1804a0963f7ad014c2016,100644,test,renamed,tests/llm_runtime/test_executor_integration.py,aabd9854795f6ca8df27828bcf522cca247892a4e2e4761fe37e9b97b56c2748,0644,72000,72064,false,content_preserving_path_move;mechanical_import_rewrites=32,false
models/common/tests/llm_runtime/test_lane_group.py,2368ea827fddec4f49bea3fc45649c87635117b5,100644,test,renamed,tests/llm_runtime/test_lane_group.py,a9fca87e5bbe9276f9ebea4a4317d6b1544c131b2e477be26c2c3fde4907475e,0644,48027,48029,false,content_preserving_path_move;mechanical_import_rewrites=1,false
models/common/tests/llm_runtime/test_llama3_8b_integration.py,2e78870a4595dc4a4ca9861868ce0fbaf54116e5,100644,test,renamed,tests/llm_runtime/test_llama3_8b_integration.py,7137edc0563bfb9ca03205d4bb8180a5a1ec28a9e0c1bc38f3f2bdd49e5383a6,0644,38735,38734,false,content_preserving_path_move;mechanical_import_rewrites=9,false
models/common/tests/llm_runtime/test_llama3_8b_model_contract.py,afd39a8eeb2d73eba308572ba2e9b9cd010e9ff3,100644,test,renamed,tests/llm_runtime/test_llama3_8b_model_contract.py,40a770a2ec2adccfa5a44726483793f6262ff3be568948aeee0e8d10bc377fd2,0644,12619,12623,false,content_preserving_path_move;mechanical_import_rewrites=2,false
models/common/tests/llm_runtime/test_model_contract.py,7f6bb9ff8f0dac57c7bfaa3c454186f30642d5ea,100644,test,renamed,tests/llm_runtime/test_model_contract.py,5743bed8eec231715e104fa8421a6d65e9c767b371941339201993be23d50188,0644,36062,36084,false,content_preserving_path_move;mechanical_import_rewrites=11,false
models/common/tests/llm_runtime/test_model_executor.py,ca1c1586e7ef67341f0bec8b39d29e53143bdd09,100644,test,renamed,tests/llm_runtime/test_model_executor.py,435e4951fd9e3062d8090458499d1648ddfb494b4cd2a3bce9899da846c5a138,0644,11371,11377,false,content_preserving_path_move;mechanical_import_rewrites=3,false
models/common/tests/llm_runtime/test_output_reader.py,93c3b5262fda648f426d840560f3555902e7822a,100644,test,renamed,tests/llm_runtime/test_output_reader.py,397aed632ab809bb3a7b5028dc3e3d5fc201e76373440f2d4afa40b73df252d6,0644,7094,7096,false,content_preserving_path_move;mechanical_import_rewrites=1,false
models/common/tests/llm_runtime/test_paged_kv_cache.py,124c81bd300b957f2ae9e751458d7c4a470b367d,100644,test,renamed,tests/llm_runtime/test_paged_kv_cache.py,3d0496f8c10bbe1a9607e86296bdae900ced331809309c656536f2018ca13c31,0644,14302,14306,false,content_preserving_path_move;mechanical_import_rewrites=2,false
models/common/tests/llm_runtime/test_prefill_inputs.py,76685155eb77eec2134dcbcaba707fa7394867f1,100644,test,renamed,tests/llm_runtime/test_prefill_inputs.py,281460a714b774f8d997946fe649b390be9b258bf769adabbc7ba329cc23a39c,0644,5939,5943,false,content_preserving_path_move;mechanical_import_rewrites=2,false
models/common/tests/llm_runtime/test_prefill_runtime.py,ab4bc65402a9dae656cbacbf44ab34e0f3bdeea8,100644,test,renamed,tests/llm_runtime/test_prefill_runtime.py,cd3c2a5205028fc1fdc552f786cdcc1729073eca847a93cfd3da961e85438978,0644,109071,109111,false,content_preserving_path_move;mechanical_import_rewrites=20,false
models/common/tests/llm_runtime/test_program_compiler.py,0913e00ea1221ce3e01e542ea61ddc62adc9a24b,100644,test,renamed,tests/llm_runtime/test_program_compiler.py,b8200fa765f359090b9146ab8a5948db4f594fbe831f9f5e91d5537e64079b10,0644,9159,9165,false,content_preserving_path_move;mechanical_import_rewrites=3,false
models/common/tests/llm_runtime/test_tensor_resources.py,169a2a0f09c0f5826aeb81a57f6d73db3d43159f,100644,test,renamed,tests/llm_runtime/test_tensor_resources.py,5a6b4f06c0c4849be362c5e83b7a3a11962a778c65adf2fd555bd1b5193b8fda,0644,2287,2295,false,content_preserving_path_move;mechanical_import_rewrites=4,false
models/common/tests/llm_runtime/test_trace_compiler.py,39c5e111f6eee44d3f34d5259954bc8df2441b32,100644,test,renamed,tests/llm_runtime/test_trace_compiler.py,bebe5fd7691b5ea956ffa115502c8f9cd8a78341a9d2bd041839abd534e0976d,0644,21664,21676,false,content_preserving_path_move;mechanical_import_rewrites=6,false
models/common/tests/llm_runtime/test_vllm_adapter.py,c2176fa748e1b2fd2a288181f129ac6bbbf26966,100644,test,renamed,tests/llm_runtime/test_vllm_adapter.py,eafb61dd5b7eae42e0bffb60d0b0a13c2038ab06da5559ec7b3fc88b14aa01ae,0644,37980,38002,false,content_preserving_path_move;mechanical_import_rewrites=11,false
models/common/tests/llm_runtime/test_warmup.py,2f2931a2ff4863ff147ecd2639e35c6df6edaa1e,100644,test,renamed,tests/llm_runtime/test_warmup.py,f6c6ddd8707037649abc4c0f75fe7b465500e9fb88aa9ae8de5eec29fe1b6c17,0644,36410,36422,false,content_preserving_path_move;mechanical_import_rewrites=6,false
models/tt_transformers/tests/reference_outputs/DeepSeek-R1-Distill-Qwen-14B.refpt,cc3418e0c748078ac1c980540ffd0b471b81c4a0,100644,qualification_asset,renamed,tests/models/deepseek_r1_distill_qwen_14b/reference_outputs/DeepSeek-R1-Distill-Qwen-14B.refpt,1c9af380e9c6309b523216d0a4ed6c7ae6b65bd758b9983cba754197492c8261,0644,51213,51213,true,content_preserving_path_move,false
models/common/tests/models/deepseek_r1_distill_qwen_14b/test_demo_contract.py,5cd6ec32aa503478279b1a352f16b295d3e54ca0,100644,test,renamed,tests/models/deepseek_r1_distill_qwen_14b/test_demo_contract.py,19014102b3ab5a1e8903ef90ea442f0cffc92baa3c7664687dd1229cd7ef5083,0644,17558,17562,false,content_preserving_path_move;mechanical_import_rewrites=2,false
models/common/tests/models/deepseek_r1_distill_qwen_14b/test_hf_adaptor.py,3c9688a950e3562e5a6fe5ba7d4437168b3a2fab,100644,test,renamed,tests/models/deepseek_r1_distill_qwen_14b/test_hf_adaptor.py,ef383bde5e09853c3cc9a38efc7e2536e482850edfb35f08194f0188d8e57c78,0644,11176,11186,false,content_preserving_path_move;mechanical_import_rewrites=5,false
models/common/tests/models/deepseek_r1_distill_qwen_14b/test_prefill_last_token_contract.py,4814b7d8ea873c524393887a835851af90342062,100644,test,renamed,tests/models/deepseek_r1_distill_qwen_14b/test_prefill_last_token_contract.py,71e056acda582854dc57c8daffc7eb1ea14f71eddb4aca0654fb0a9610ce4386,0644,2457,2459,false,content_preserving_path_move;mechanical_import_rewrites=1,false
models/tt_transformers/tests/reference_outputs/Llama-3.2-1B-Instruct.refpt,a5efba46561314d72a0272a2b977dab776d32dbf,100644,qualification_asset,renamed,tests/models/llama32_1b/reference_outputs/Llama-3.2-1B-Instruct.refpt,3e936a8518f86b4c5bc1511e12b3ab5d9054037be9e4c5a1c7a8a4ab00338889,0644,50426,50426,true,content_preserving_path_move,false
models/common/tests/models/llama32_1b/test_batched_prefill_postprocess.py,eb9c08e08928af982f629313b541aa8df9a6b94f,100644,test,renamed,tests/models/llama32_1b/test_batched_prefill_postprocess.py,5bd517b712e07078892c76ca516f3642cf66f0cdeb49b28674ab23bb0042ee71,0644,3339,3343,false,content_preserving_path_move;mechanical_import_rewrites=2,false
models/common/tests/models/llama32_1b/test_demo_warmup.py,9a5310687585be88289e673bd806be1f6e4e34c2,100644,test,renamed,tests/models/llama32_1b/test_demo_warmup.py,cafd8041bef0aac9e0a208363870604b3bed6b8f4d86cc6ffea6feee722f2f26,0644,5216,5218,false,content_preserving_path_move;mechanical_import_rewrites=1,false
models/common/tests/models/llama32_1b/test_hf_adaptor.py,2e02ae46829b98c62cd09fb19850a2ccc1ba5d9e,100644,test,renamed,tests/models/llama32_1b/test_hf_adaptor.py,23c839987182b63d20217cfe868438e42ab8d682380ad8051d9152b9c7923e92,0644,10010,10018,false,content_preserving_path_move;mechanical_import_rewrites=4,false
models/tt_transformers/tests/reference_outputs/Llama-3.2-3B-Instruct.refpt,5a7c48370c04cbd11db932cc3568e4d8821f0c9d,100644,qualification_asset,renamed,tests/models/llama32_3b/reference_outputs/Llama-3.2-3B-Instruct.refpt,526c9193ca2557508944d819fcbf9ea16355d668a7c15946932c43f3cee524d3,0644,50426,50426,true,content_preserving_path_move,false
models/common/tests/models/llama32_3b/test_batched_prefill_postprocess.py,4232f8c47e98b9e54f340421c86913bbd100ed97,100644,test,renamed,tests/models/llama32_3b/test_batched_prefill_postprocess.py,508a9ac1bed94160b8259cdc1a7a5058246c45269763c5ba093fb626274d4cea,0644,3339,3343,false,content_preserving_path_move;mechanical_import_rewrites=2,false
models/common/tests/models/llama32_3b/test_demo_warmup.py,91c3145ed58de17a3030bec3b6e8da5482f0085f,100644,test,renamed,tests/models/llama32_3b/test_demo_warmup.py,7feea2f181caf675f0778fb867c98d25e91ca4378beec5dac470bff5ef68b97b,0644,8267,8269,false,content_preserving_path_move;mechanical_import_rewrites=1,false
models/common/tests/models/llama32_3b/test_hf_adaptor.py,37bcf300a4fb04abfc2c9ed0bd061dd499ce883e,100644,test,renamed,tests/models/llama32_3b/test_hf_adaptor.py,8cdb8ab87137d04862ac18cfea9d5cccc4568fdbde0f8d307e767c33339bc751,0644,12209,12221,false,content_preserving_path_move;mechanical_import_rewrites=6,false
models/common/tests/models/llama33_70b/logits_oracle.py,e1ed2fadf7e4e72638ea1839533317e1f346731c,100644,test,renamed,tests/models/llama33_70b/logits_oracle.py,2db82e0a2002cb48301825f468569c5be977a0e2c4be5d5ce9933531cfba1328,0644,5866,5866,true,content_preserving_path_move,false
models/tt_transformers/tests/reference_outputs/Llama-3.3-70B-Instruct.refpt,0af57017332bf2a91bc8e56da256c96cc921a8af,100644,qualification_asset,renamed,tests/models/llama33_70b/reference_outputs/Llama-3.3-70B-Instruct.refpt,93fdfddec317ee141fd6cb7fbafcfb8d9daade131441021aae23650e3dff0443,0644,51269,51269,true,content_preserving_path_move,false
models/common/tests/models/llama33_70b/test_demo_contract.py,8160ec4a0953045f5ae39b8dfe0a609e186347c8,100644,test,renamed,tests/models/llama33_70b/test_demo_contract.py,9e9c34b52bd1f255479d2311e8414b36a1de9a5db51bf81ba38d6eab5605b935,0644,19877,19879,false,content_preserving_path_move;mechanical_import_rewrites=2,false
models/common/tests/models/llama33_70b/test_hf_adaptor.py,cee2a59ad93bdfafa5627e00dd40034268faa0a7,100644,test,renamed,tests/models/llama33_70b/test_hf_adaptor.py,40cf1189ccb2d7779097cf16637ac89eb0cda651d1941294ee2b9fd84773020e,0644,12826,12834,false,content_preserving_path_move;mechanical_import_rewrites=4,false
models/common/tests/models/llama33_70b/test_logits_oracle.py,80fec333811fbc115125f61b291573aacb1e0717,100644,test,renamed,tests/models/llama33_70b/test_logits_oracle.py,bc9593fdfaccb801972f4d8aa9db1469f486aa3dd6dbbd0b64c0c16c16ae2ec9,0644,3237,3223,false,content_preserving_path_move;mechanical_import_rewrites=1,false
models/common/tests/models/llama33_70b/test_model_profile.py,70f37112ed78c4e69cb988416f304ca75ce72575,100644,test,renamed,tests/models/llama33_70b/test_model_profile.py,e25f9512dc3437c54bbf2d7b512deebda129e7d511f8379c9d75984e86bc2ab8,0644,11078,11092,false,content_preserving_path_move;mechanical_import_rewrites=7,false
models/common/tests/models/llama33_70b/test_p150x4_smoke.py,c1baf1623eee45fd4fa98b67f82866a83838adcc,100644,test,renamed,tests/models/llama33_70b/test_p150x4_smoke.py,43ff31eeacbe7a24821c7add0d6419d925c9d85e6e3c2c38e875256720195706,0644,6513,6505,false,content_preserving_path_move;mechanical_import_rewrites=6,false
models/common/tests/models/llama33_70b/test_t3k_batched_prefill_correctness.py,08d9e84b06ef481225a041b392d03a02c03edbe1,100644,test,renamed,tests/models/llama33_70b/test_t3k_batched_prefill_correctness.py,e823b16d6a283617acf8537d1b9782525abd0f5622adbf52b5e9ccbc1ec04da3,0644,28509,28498,false,content_preserving_path_move;mechanical_import_rewrites=3,false
models/common/tests/demos/llama3_8b/demo_utils.py,6590bd283b820469b2b1f02065c52fe7309700d2,100644,boundary_support,split,tests/models/llama3_8b/demo_utils.py,79f8466fe5fae91c7cfe8190e807c89a4e291d2f6448bfff38343747bd293d78,0644,7999,7999,true,whole_pinned_snapshot;phase3_semantic_split_or_filter_deferred,true
models/common/tests/demos/llama3_8b/reference_outputs/Llama-3.1-8B-Instruct.refpt,b5ee1619faa9824ed607befe5aff486046c8d8c7,100644,qualification_asset,split,tests/models/llama3_8b/reference_outputs/Llama-3.1-8B-Instruct.refpt,0e5814d840967729f86f21a1864dfacf94ac36ba6bb27b6e205596da9b9290b5,0644,50426,50426,true,whole_pinned_snapshot;phase3_semantic_split_or_filter_deferred,false
models/tt_transformers/tests/reference_outputs/Llama-3.1-8B-Instruct.refpt,b5ee1619faa9824ed607befe5aff486046c8d8c7,100644,qualification_asset,renamed,tests/models/llama3_8b/reference_outputs/Llama-3.1-8B-Instruct.refpt,0e5814d840967729f86f21a1864dfacf94ac36ba6bb27b6e205596da9b9290b5,0644,50426,50426,true,whole_pinned_snapshot;phase3_semantic_split_or_filter_deferred,false
models/common/tests/demos/llama3_8b/sample_prompts/input_data_questions_prefill_128.json,a18cf6f4622f46dbafbbcfaee0a5a25d30a4292d,100644,qualification_asset,split,tests/models/llama3_8b/sample_prompts/input_data_questions_prefill_128.json,bb9b058fd614ef03c0ff98b68c981089c4bd2a2565c2ec068edcc5d575dd523d,0644,12586,12586,true,whole_pinned_snapshot;phase3_semantic_split_or_filter_deferred,false
models/common/tests/models/llama3_8b/test_demo_contract.py,97dca6bb10bf20e692d05387b234bb306c613dd7,100644,test,renamed,tests/models/llama3_8b/test_demo_contract.py,edea2b76e353ee90600a486df4bac22d0e0e37c06153d078e76c70835ad99569,0644,9177,9165,false,content_preserving_path_move;mechanical_import_rewrites=2,false
models/common/tests/test_llama3_8b_hf_adaptor.py,5e3882668a8720537198781b8d4e0ea3fe08a762,100644,test,renamed,tests/models/llama3_8b/test_hf_adaptor_legacy_surface.py,e35b266eecaa629a9d5773d82f0427666dc34b7ee9f7b1be06dc732f608f553e,0644,5342,5346,false,content_preserving_path_move;mechanical_import_rewrites=2,false
models/common/tests/models/llama3_8b/test_model_profile.py,cb598b00ae5e330543fb8675f4f133130b627291,100644,test,renamed,tests/models/llama3_8b/test_model_profile.py,f76c438cc7495625033e26d7b0b6890dcc8dbff0be6b71978ae2d79752f183cf,0644,11628,11632,false,content_preserving_path_move;mechanical_import_rewrites=2,false
models/tt_transformers/tests/reference_outputs/Mistral-7B-Instruct-v0.3.refpt,868ee36f9245440bed9d86f8dfc4bc7495550d52,100644,qualification_asset,renamed,tests/models/mistral_7b/reference_outputs/Mistral-7B-Instruct-v0.3.refpt,ae1a07deb27e31925f7725a0f3f98faece0036f166c7655aa3df442ca66a6be3,0644,50814,50814,true,content_preserving_path_move,false
models/common/tests/models/mistral_7b/test_demo_contract.py,d58abcd97cf62f5733495a4df0507243edfa7404,100644,test,renamed,tests/models/mistral_7b/test_demo_contract.py,10f0c9f14b21d44a3bad61e65379554d5a0bbcfc2fb0ed368ce8a9e40c381014,0644,9975,9977,false,content_preserving_path_move;mechanical_import_rewrites=1,false
models/common/tests/models/mistral_7b/test_hf_adaptor.py,2a225f0633b381ff8d9676134c8434197de89c6d,100644,test,renamed,tests/models/mistral_7b/test_hf_adaptor.py,06235d9ca6165600c9c662cfa674ae79915593ad1a1e90609fe3442b55bd62ae,0644,6383,6391,false,content_preserving_path_move;mechanical_import_rewrites=4,false
models/common/tests/models/mistral_7b/test_prefill_last_token_contract.py,2f7b869c67e9811ff8a58d7dd913b48c2edb963a,100644,test,renamed,tests/models/mistral_7b/test_prefill_last_token_contract.py,6ea15d91bc56578fc342a380b767eecc4eb861ad2c9a098bdf9d07cb29db90ac,0644,2329,2331,false,content_preserving_path_move;mechanical_import_rewrites=1,false
models/tt_transformers/tests/reference_outputs/phi-4.refpt,d2238323a152a15dd40b86ad1aa7444304cacb0d,100644,qualification_asset,renamed,tests/models/phi4/reference_outputs/phi-4.refpt,ce44abe6111cfd15f78bdd448300f30ce771c7e394b6a4656aee4b3e85a208f0,0644,50508,50508,true,content_preserving_path_move,false
models/common/tests/models/phi4/test_demo_contract.py,261378d6b03eb67c9156ba5f83785217b58bb4c0,100644,test,renamed,tests/models/phi4/test_demo_contract.py,790bf4b25b8f3e6bfb643e7273a782cd452e2b7ed3d098b40e25b42400e156f8,0644,14941,14945,false,content_preserving_path_move;mechanical_import_rewrites=2,false
models/common/tests/models/phi4/test_hf_adaptor.py,2b994ce2bc5de229c41a900539d2a09ef8d552d9,100644,test,renamed,tests/models/phi4/test_hf_adaptor.py,29604d40f61874750fd8b652e3e015fe393a28f05c334d2d569ca67422283045,0644,7450,7456,false,content_preserving_path_move;mechanical_import_rewrites=3,false
models/tt_transformers/tests/reference_outputs/Qwen2.5-72B-Instruct.refpt,61de1e579435d473ee43954f9b6c28612db8c87d,100644,qualification_asset,renamed,tests/models/qwen25_72b/reference_outputs/Qwen2.5-72B-Instruct.refpt,8814d6b6a9a669b8a4c4ff0506dc6d2250887490e9fa8f1ebce5f57da0ca9765,0644,50726,50726,true,content_preserving_path_move,false
models/common/tests/models/qwen25_72b/test_demo_contract.py,ad66c140a7b04ae68218a4fa016502f167ddfc48,100644,test,renamed,tests/models/qwen25_72b/test_demo_contract.py,d0b217f6c3571c2327cf1a1083a4ae1066e97724e0027cdd517010b03cc34c58,0644,5480,5480,true,content_preserving_path_move,false
models/common/tests/models/qwen25_72b/test_hf_adaptor.py,9cd3bea6b19d5d559fdc8b87adf43881722d39e7,100644,test,renamed,tests/models/qwen25_72b/test_hf_adaptor.py,21e3fc435bf965a58ba0e4f57ac271364658c2dd6193f6daefffdb752c9f57c3,0644,6941,6945,false,content_preserving_path_move;mechanical_import_rewrites=2,false
models/common/tests/models/qwen25_72b/test_model_runtime_surface.py,b7d92e37a03b8ef63ea2dee8843156971788b092,100644,test,renamed,tests/models/qwen25_72b/test_model_runtime_surface.py,4388f1470b4065470b6beca88c5cba91d8c75210b9232def38f3edb4338c585d,0644,5166,5168,false,content_preserving_path_move;mechanical_import_rewrites=1,false
models/tt_transformers/tests/reference_outputs/Qwen2.5-7B-Instruct.refpt,0901a633fa2ef38c9187157c0b90c8f4b7d4d349,100644,qualification_asset,renamed,tests/models/qwen25_7b/reference_outputs/Qwen2.5-7B-Instruct.refpt,6c3bf46ffb596f6db852088c50be652085114529bd365c0e70111c0141e93e68,0644,50720,50720,true,content_preserving_path_move,false
models/common/tests/models/qwen25_7b/test_demo_contract.py,653ce0b69b837b56d2d7c0aa916439c90748aeec,100644,test,renamed,tests/models/qwen25_7b/test_demo_contract.py,fb2053d9007a01a4d70f54ce3e5ef847de530a59a862a4a497a32129372131db,0644,16378,16382,false,content_preserving_path_move;mechanical_import_rewrites=2,false
models/common/tests/models/qwen25_7b/test_hf_adaptor.py,8f6ab38839e22e46975e831a50586c85d4f52a37,100644,test,renamed,tests/models/qwen25_7b/test_hf_adaptor.py,f5da8d5e3385e35a46ed3f7e8e8802c9aa5086eeee7d54af61bb1182d6eeaac8,0644,10171,10181,false,content_preserving_path_move;mechanical_import_rewrites=5,false
models/tt_transformers/tests/reference_outputs/Qwen2.5-Coder-32B-Instruct.refpt,9e4a3e795f7a714a5c6fb786b99e6f46f8e79e7f,100644,qualification_asset,renamed,tests/models/qwen25_coder_32b/reference_outputs/Qwen2.5-Coder-32B-Instruct.refpt,7837114b73d99576c58dcf6645d32b1f42d1c9c78fe1db4f5377584b77955c82,0644,51301,51301,true,content_preserving_path_move,false
models/common/tests/models/qwen25_coder_32b/test_demo_contract.py,2084495c80feb7f8f0030abc9a334e164ad79d66,100644,test,renamed,tests/models/qwen25_coder_32b/test_demo_contract.py,1f1dc1edbaeed1c184e3ee86f2119cf2ee41db86c5d6f3e7a32c7c813ee0db70,0644,4352,4352,true,content_preserving_path_move,false
models/common/tests/models/qwen25_coder_32b/test_hf_adaptor.py,8f5482f8c57a627f821110838d1d3bab3c5ea51a,100644,test,renamed,tests/models/qwen25_coder_32b/test_hf_adaptor.py,ae7096db2d4a1b149d7604228e7b5b3b175e56777f92bde7ba07e8ddbf4bae01,0644,7046,7050,false,content_preserving_path_move;mechanical_import_rewrites=2,false
models/common/tests/models/qwen25_coder_32b/test_model_runtime_surface.py,aa156ea5636e96ef867c1c4eec0d84404724b9ec,100644,test,renamed,tests/models/qwen25_coder_32b/test_model_runtime_surface.py,67ec002554c9f42992f4b3570888b6e5471766071b723ef6175d61942414d171,0644,5200,5202,false,content_preserving_path_move;mechanical_import_rewrites=1,false
models/tt_transformers/tests/reference_outputs/Qwen2-7B-Instruct.refpt,2e7b4e8e9d8239a70926fcb8b8588837b575dc3e,100644,qualification_asset,renamed,tests/models/qwen2_7b/reference_outputs/Qwen2-7B-Instruct.refpt,ba13403d788c8c7aeb872cf18373664a564d42f78020e588a37df6440da22ab9,0644,14965,14965,true,content_preserving_path_move,false
models/common/tests/models/qwen2_7b/test_demo_contract.py,1c5e4ae7745ced414e588da90f21a7d06ea0ad8d,100644,test,renamed,tests/models/qwen2_7b/test_demo_contract.py,823333181afd06c51ef028e719de3891aaf9bb0a496caa98dce96ed5a084cca7,0644,16365,16369,false,content_preserving_path_move;mechanical_import_rewrites=2,false
models/common/tests/models/qwen2_7b/test_hf_adaptor.py,916021bc67bda67ed1c38cbb6658208f6473f735,100644,test,renamed,tests/models/qwen2_7b/test_hf_adaptor.py,9356cac4a2f7645e1421752651333b889eab1db5755332310b22689aeaa8589b,0644,10144,10154,false,content_preserving_path_move;mechanical_import_rewrites=5,false
models/tt_transformers/tests/reference_outputs/Qwen3-32B.refpt,3f812f572f02e91b7a5069e4fae2fe94fc349d2e,100644,qualification_asset,renamed,tests/models/qwen3_32b/reference_outputs/Qwen3-32B.refpt,d705dc91bde379e29c9cad92b94d4e1eb9dfeae2aa1256c5d47618625a6e7da5,0644,51069,51069,true,content_preserving_path_move,false
models/common/tests/models/qwen3_32b/test_demo_contract.py,74b2a7073af63da59bf3baa76553670b99799d33,100644,test,renamed,tests/models/qwen3_32b/test_demo_contract.py,b40ac084811f9db3d3224d7f8acb21a735906f6ecc036959839f5bcc27953066,0644,28025,28029,false,content_preserving_path_move;mechanical_import_rewrites=3,false
models/common/tests/models/qwen3_32b/test_hf_adaptor.py,de1a89cf9baaaa860d56a505b8eb6a9c83f82998,100644,test,renamed,tests/models/qwen3_32b/test_hf_adaptor.py,fcec3fa92e76e1eabd392446e71464ca22c6d14aec887c61fcf084c2087fe965,0644,6722,6730,false,content_preserving_path_move;mechanical_import_rewrites=4,false
models/common/tests/models/qwen3_32b/test_model_runtime_surface.py,e23f54e41465ab6879c21dcc103994dab9fb3ad1,100644,test,renamed,tests/models/qwen3_32b/test_model_runtime_surface.py,e8fd42b20d52afa2f8299a817d2d6686f5b5d376d883ca4250b2823a8a296424,0644,9573,9575,false,content_preserving_path_move;mechanical_import_rewrites=1,false
models/common/tests/models/qwen3_32b/test_module_profiles.py,5cca3800f04971c34ccb2987b89ec9e56e68e87e,100644,test,renamed,tests/models/qwen3_32b/test_module_profiles.py,fc62a9f09954389893bfcfaf57b5b1e8cb28796cbd35be534f7f311bd25d2530,0644,11909,11925,false,content_preserving_path_move;mechanical_import_rewrites=8,false
models/common/tests/models/qwen3_32b/test_p150x4_smoke.py,076f1dffce6307b0d06002832bdddbb09b817e70,100644,test,renamed,tests/models/qwen3_32b/test_p150x4_smoke.py,18bfe6215c85abb0ca04b129069c36beffc942013a3b96105aa352f427ea6494,0644,6186,6176,false,content_preserving_path_move;mechanical_import_rewrites=5,false
models/common/tests/models/test_qwen2_executor_family.py,a4dc4a38981dc67eff4ace15c7d17aa2d897bb7a,100644,test,renamed,tests/models/test_qwen2_executor_family.py,53186ab4f00e8e22d75552eabba69da4ae87f42ed6d0bacc7c0390be906ed9de,0644,4394,4398,false,content_preserving_path_move;mechanical_import_rewrites=2,false
models/common/tests/modules/attention/low_pcc_notes.md,5d8812e5ea8884845f2869487d211c67cb990e6b,100644,test,renamed,tests/modules/attention/low_pcc_notes.md,b1e3c3d06d05336e3fb5fa2338831a7ad47d4be6ded0f2e373f8a42c300f36bb,0644,6464,6464,true,content_preserving_path_move,false
models/common/tests/modules/attention/profiling/test_attention_1d_profiling.py,969f4617c3e5cd7776f23587ea386f2a822e143f,100644,test,renamed,tests/modules/attention/profiling/test_attention_1d_profiling.py,9997ee1508207392716f2bba7bf952aef728f57a424736070ab4c02ad04f3efe,0644,35150,35143,false,content_preserving_path_move;mechanical_import_rewrites=7,false
models/common/tests/modules/attention/test_attention_1d.py,e1a59e8bae604049920c74d0d78240b4ca69f623,100644,test,renamed,tests/modules/attention/test_attention_1d.py,789f665c7a7ee577511a29f421718ced5c81d9c7896183975b42bfd1af105d06,0644,133704,133704,false,content_preserving_path_move;mechanical_import_rewrites=10,false
models/common/tests/modules/attention/test_attention_1d_arch_config.py,09f77358cae63f24de061a2b29e2e8b5a7cbd89c,100644,test,renamed,tests/modules/attention/test_attention_1d_arch_config.py,3836302b7c565653fac8086544631ca249810e80629cb5eae4cfe03edd94de50,0644,9912,9916,false,content_preserving_path_move;mechanical_import_rewrites=2,false
models/common/tests/modules/embedding/test_embedding_1d.py,6476e9d3e8baf9c0485462bb09add6737716c7fc,100644,test,renamed,tests/modules/embedding/test_embedding_1d.py,6fa0d70fd34be1cb052d5cd3078a055496de928b203ff70161a3a2687505592e,0644,26512,26515,false,content_preserving_path_move;mechanical_import_rewrites=4,false
models/common/tests/modules/lm_head/test_lm_head_1d.py,8e9553c1e1f417a8840f3d661b0f5d9aa60b39a0,100644,test,renamed,tests/modules/lm_head/test_lm_head_1d.py,e374383c0aed676ed5d5c928e17606764421760c09ae300bc7136c80d9da3287,0644,27978,27987,false,content_preserving_path_move;mechanical_import_rewrites=7,false
models/common/tests/modules/mlp/test_mlp_1d.py,d7b6eb622cb3c036e9ec2519e00e1953a053b52c,100644,test,renamed,tests/modules/mlp/test_mlp_1d.py,463d35d100287723d2f654c2c24197a7b2b91bde3142a3a2181492eca517c238,0644,71531,71542,false,content_preserving_path_move;mechanical_import_rewrites=11,false
models/common/tests/modules/mlp/test_mlp_1d_arch_config.py,625e4f42ea29c7f69132fa7a77d4c42328a8c546,100644,test,renamed,tests/modules/mlp/test_mlp_1d_arch_config.py,1145031f166c5d2151a73c766c98809d1c7a02ce2c4b51f02706a774eaf80965,0644,7129,7133,false,content_preserving_path_move;mechanical_import_rewrites=2,false
models/common/tests/modules/mlp/test_mlp_2d.py,abc1babf662c10ea259a44c1bf0e9a50625652e8,100644,test,renamed,tests/modules/mlp/test_mlp_2d.py,f2daf5279ed21d7a01a3a1f3f58902865419d63c4d219015d7bd0e3471c6576c,0644,18641,18638,false,content_preserving_path_move;mechanical_import_rewrites=3,false
models/common/tests/modules/rmsnorm/test_rmsnorm_1d.py,1d4632b2daedfb94923033cc52ba650434f68fc5,100644,test,renamed,tests/modules/rmsnorm/test_rmsnorm_1d.py,b57e01ae06776d0d8bb548f0de83e5bcaf4c4adee15d2610827d396f79aef0b5,0644,69918,69923,false,content_preserving_path_move;mechanical_import_rewrites=5,false
models/common/tests/modules/rmsnorm/test_rmsnorm_2d.py,51968a9d5e309971dc76a5d55aba76a1211a1b53,100644,test,renamed,tests/modules/rmsnorm/test_rmsnorm_2d.py,f941c6b9eafdd1f54847cc088f843f658ade925c1af4c17498243c84d8580143,0644,11637,11640,false,content_preserving_path_move;mechanical_import_rewrites=4,false
models/common/tests/modules/rope/test_rope_1d.py,baf17654616e11fc35f1fdf0450cc429095f92e0,100644,test,renamed,tests/modules/rope/test_rope_1d.py,73a58de28223e35ead82ac6c1e9aeec1e48608c4de20dc05e992df2988d8d396,0644,43629,43634,false,content_preserving_path_move;mechanical_import_rewrites=5,false
models/common/tests/test_sampling.py,40c78fd5b78e34d41c9c3328b738fecae41d3954,100644,test,renamed,tests/modules/sampling/test_legacy_sampling.py,6d19942d736bed926ebcf7c0f347b8fd021aa3ac15c09fa3030d64dd2191d2c7,0644,56843,56835,false,content_preserving_path_move;mechanical_import_rewrites=6,false
models/common/tests/modules/sampling/test_params.py,1b3a2fc526fbe7684f431c6b4d4bdcd33644de02,100644,test,renamed,tests/modules/sampling/test_params.py,b8a0b11054c443a904d3579a682912fbaffccd462560373370224185c4d24a2b,0644,12096,12100,false,content_preserving_path_move;mechanical_import_rewrites=2,false
models/common/tests/modules/sampling/test_penalties_1d.py,2a7c447674cd300c4308e3f5fbf4e7551f45691b,100644,test,renamed,tests/modules/sampling/test_penalties_1d.py,91555a02bf9d84c04c75a4ce4adf1db3564d604fddd3ae59850b182d33ed8398,0644,78199,78198,false,content_preserving_path_move;mechanical_import_rewrites=4,false
models/common/tests/modules/sampling/test_sampling_1d.py,e999d26d8e52307709a19b2ca2c1b99225119046,100644,test,renamed,tests/modules/sampling/test_sampling_1d.py,f83931cfe51b5e8401caa7d0e85d52a8e4e9698fd3a6fed5eddc1d94da8c2458,0644,71406,71416,false,content_preserving_path_move;mechanical_import_rewrites=3,false
models/common/tests/modules/sampling/test_sampling_1d_release.py,a22f1deb73cfc64e01979fb691ca4a96f8fcbd55,100644,test,renamed,tests/modules/sampling/test_sampling_1d_release.py,31b50ba5703c2c0d4c0a4de10bca170c7907e6361ef37a81cb3793ed72cc2858,0644,8536,8544,false,content_preserving_path_move;mechanical_import_rewrites=4,false
models/common/tests/modules/sampling/test_sampling_state_1d.py,acb276f437f959e4bc2b543fdba1328c7445a647,100644,test,renamed,tests/modules/sampling/test_sampling_state_1d.py,3879342066c933ab816ca3a9e191ffbcf71233709186b6ad00eab2d63c592714,0644,30223,30233,false,content_preserving_path_move;mechanical_import_rewrites=5,false
models/common/tests/test_sampling_vocab_padding.py,a5f4bde494f3df042410b41ae45891a206e6fbaa,100644,test,renamed,tests/modules/sampling/test_sampling_vocab_padding.py,e7f39174e7130d1be944103151f635ea3d221ec5e00d831c21d56fdf8066d901,0644,3742,3744,false,content_preserving_path_move;mechanical_import_rewrites=1,false
models/common/tests/modules/sampling/test_seed_manager_1d.py,bcfe7ffcc19f0a1969091a2e9d37a636e90ea75f,100644,test,renamed,tests/modules/sampling/test_seed_manager_1d.py,61ad584902b9ab81374ca8eda06de63f909a2cad93047ad3c33edc2ddc236887,0644,11164,11168,false,content_preserving_path_move;mechanical_import_rewrites=2,false
models/common/tests/test_tt_log_probs_state.py,23f99024cea4a523791ce8b4c8d40576a6a7c8ff,100644,test,renamed,tests/modules/sampling/test_tt_log_probs_state.py,3ff85f79880f72d931f044bdf31350fe95644e0027e3f51e681443b67d67d06d,0644,2329,2331,false,content_preserving_path_move;mechanical_import_rewrites=1,false
models/common/tests/test_tt_sampling.py,d711d8357aebee186fca84c542c085860c9c3d19,100644,test,renamed,tests/modules/sampling/test_tt_sampling.py,0d24790e34130fb8a6f8558e75fe7d0232a9f432a01bcc6d02ed660c76b757a3,0644,96132,96136,false,content_preserving_path_move;mechanical_import_rewrites=2,false
models/common/tests/modules/test_lazy_buffer.py,aa2a9e97105dbaf8ea26b24d7bb6972fbaf5ca9a,100644,test,renamed,tests/modules/test_lazy_buffer.py,00e5ad114190f3fffcc6186abf23fd0c66140181e17da52ef0d2860e8e0863cd,0644,8252,8254,false,content_preserving_path_move;mechanical_import_rewrites=1,false
models/common/tests/test_lazy_weight.py,ee5a76e1aa90d432ce7715dd263fe075574af74b,100644,test,renamed,tests/modules/test_lazy_weight.py,41b73b8228754533e71c490e5670dc9f2a32d04598439d550b851c3832e06f66,0644,38539,38541,false,content_preserving_path_move;mechanical_import_rewrites=1,false
models/common/tests/modules/test_tensor_utils.py,6fa88af2a5c6eee8015ecc7f778eb4ce61b7bdb9,100644,test,renamed,tests/modules/test_tensor_utils.py,70d81e0f6175cd43b252314c6fddaf05a8c8e67c7e53062225a4d57baaa6d6d7,0644,11732,11734,false,content_preserving_path_move;mechanical_import_rewrites=1,false
models/common/readiness_check/test_check_degenerate_output.py,01498a9419c250656fa43294512b546c8779f7f0,100644,test,renamed,tests/qualification/readiness/test_check_degenerate_output.py,27ca874d13eab71312e19619e21b30bc4c4633e6404bc129e9d5137cac3d7f31,0644,1526,1526,true,content_preserving_path_move,false
models/common/readiness_check/test_generate.py,e7ae3c07d8abe34053bccff5c754c52fa5d396df,100644,test,renamed,tests/qualification/readiness/test_generate.py,c9f3c0566985fb4d566e02996ed70db8dd9112bc5dddb45e27626a7e8d3ed271,0644,2813,2813,true,content_preserving_path_move,false
models/common/readiness_check/test_run_prefill_check.py,55092b0db16dd156311339dc6eb350d127f4c130,100644,test,renamed,tests/qualification/readiness/test_run_prefill_check.py,ea45eda9c99a80fc1ca818b5a85e75149b12105656a3e74dbb63a98a8fd7162a,0644,1980,1980,true,content_preserving_path_move,false
models/common/readiness_check/test_run_teacher_forcing.py,5bfa8732775c11376cd8ed883e5250a0ebd888af,100644,test,renamed,tests/qualification/readiness/test_run_teacher_forcing.py,dbc9905e22817a91d3ce4e0bd0e7755ac2ad9ef8a84a680395b04e4cea602c63,0644,2544,2544,true,content_preserving_path_move,false
models/common/readiness_check/test_run_vllm_server.py,c3c382f4b9acb2998b37184a85ab16e083e79aac,100644,test,renamed,tests/qualification/readiness/test_run_vllm_server.py,3f5758b449b5d74990da2193e064c067698b7186d5c53705d270f45adae6e590,0644,2572,2572,true,content_preserving_path_move,false
models/common/readiness_check/test_schema.py,acada7854c4a4107b6c7241935c62db565045cab,100644,test,renamed,tests/qualification/readiness/test_schema.py,7a6cf57f321cb1cc85b46df75fe291a29ac1f45bde98ba69d0bcc220454e3be3,0644,1148,1148,true,content_preserving_path_move,false
models/common/tests/test_bh_required_capabilities.py,b690afac86c6fb3694126bf33cdf6892f581b55f,100644,test,renamed,tests/qualification/test_bh_required_capabilities.py,4334d378c8207edbbc042db0e4ce2414bde72f0548a889b983359293b20c83d8,0644,28129,28136,false,content_preserving_path_move;mechanical_import_rewrites=1,false
models/test_tttv2_validate_vllm_matrix.py,66daca8bfe7abcffc5efea1ba28c270ce21ad487,100644,test,renamed,tests/qualification/test_validate_vllm_matrix.py,889d7df07b7a852338fee54dae9f813c34860ce30e4314e3ef366eb196a317a2,0644,19381,19381,true,content_preserving_path_move,false
models/common/utility_functions.py,ebfea6474e67f4fd79363ddf81b85bedfa66961b,100644,boundary_support,split,tests/support/comparison.py,0a50905ac7fa33ab14a7df90da4982320df119bc35f991925aa6b9edf184f7fe,0644,46561,46561,true,whole_pinned_snapshot;phase3_semantic_split_or_filter_deferred,true
models/common/tests/utils.py,8ae0d3261adebb5deb3b0761e070527397fed524,100644,test_support,renamed,tests/support/helpers.py,a0ad032e617f3cb820ceb8c86c54cb2050c74c42e8a7312e4a68d142c9f4eee0,0644,682,682,true,content_preserving_path_move,false
models/common/tests/test_auto_compose.py,61541e0cac7110ba7afa03686fb5cf452b127a4d,100644,test,renamed,tests/support/test_auto_compose.py,d17aff0efa9edbb536aae548cf3b2b50b99d829af195a794486e7a704089b2aa,0644,16539,16545,false,content_preserving_path_move;mechanical_import_rewrites=1,false
models/common/tests/test_distribute_as.py,fd50ba136dab81c6cdbc76cd1ae8fcded7213dfa,100644,test,renamed,tests/support/test_distribute_as.py,48ed389fb000dd8028c753011dc86826d0123400247d6e66e5c6dc16b4c04e32,0644,8589,8601,false,content_preserving_path_move;mechanical_import_rewrites=2,false
models/common/tests/test_metrics.py,05454d53a9133c77c78eb615ce4a415db16c3db6,100644,test,renamed,tests/support/test_metrics.py,8d1e38a2e08142ca79eea4455dbd5a8d198b4bb51e1e777a4c02df82844fe7fa,0644,27380,27386,false,content_preserving_path_move;mechanical_import_rewrites=1,false
models/common/tests/test_utils.py,46bc097942b7279586a1615acaa6c80e9edd1e98,100644,test,renamed,tests/support/test_utils.py,bffa00836dc5f7326f8768650e2c3c1850b3525ce1f354be0b596ab874f5e780,0644,1695,1693,false,content_preserving_path_move;mechanical_import_rewrites=2,false
models/common/tests/test_validation_tools.py,f4af09db6b176ed831ccba5eb82ba6a12e7d01f5,100644,test,renamed,tests/support/test_validation_tools.py,ebd86727d8be90027fc58b1179591182c024a3088a1bfff12fab439edeee2901,0644,24604,24622,false,content_preserving_path_move;mechanical_import_rewrites=3,false
