kind,layer,source_path,line,scope,symbol,signature_or_import,proposed_treatment
tttv1_namespace_import,models,models/common/models/deepseek_r1_distill_qwen_14b/generator.py,468,_create_submeshes,create_submeshes,from models.tt_transformers.tt.generator import create_submeshes,Owner: tt_transformers.mesh_utils. Internalize the narrow submesh-construction helper and characterize ownership/cleanup.
tttv1_namespace_import,models,models/common/models/llama32_1b/generator.py,459,_create_submeshes,create_submeshes,from models.tt_transformers.tt.generator import create_submeshes,Owner: tt_transformers.mesh_utils. Internalize the narrow submesh-construction helper and characterize ownership/cleanup.
tttv1_namespace_import,models,models/common/models/llama32_3b/generator.py,465,_create_submeshes,create_submeshes,from models.tt_transformers.tt.generator import create_submeshes,Owner: tt_transformers.mesh_utils. Internalize the narrow submesh-construction helper and characterize ownership/cleanup.
tttv1_namespace_import,models,models/common/models/llama33_70b/generator.py,488,_create_submeshes,create_submeshes,from models.tt_transformers.tt.generator import create_submeshes,Owner: tt_transformers.mesh_utils. Internalize the narrow submesh-construction helper and characterize ownership/cleanup.
tttv1_namespace_import,models,models/common/models/llama3_8b/generator.py,461,_create_submeshes,create_submeshes,from models.tt_transformers.tt.generator import create_submeshes,Owner: tt_transformers.mesh_utils. Internalize the narrow submesh-construction helper and characterize ownership/cleanup.
legacy_dispatch_or_adapter,models,models/common/models/llama3_8b/model.py,856,Llama3Transformer1D,Llama3Transformer1D.forward,"(self, x: ttnn.Tensor, current_pos=None, rot_mats_global=None, rot_mats_local=None, user_id: int=0, mode: str='decode', page_table=None, chunk_page_table=None, chunk_start_idx=None, get_last_token: int=-1, batch_size: int=1, chunk_start_idx_tensor=None, last_token_slice=None, last_token_index=None) -> ttnn.Tensor","Characterize direct callers, then remove the TTTv1-only adapter while retaining the TTTv2 core path."
tttv1_namespace_import,models,models/common/models/mistral_7b/generator.py,463,_create_submeshes,create_submeshes,from models.tt_transformers.tt.generator import create_submeshes,Owner: tt_transformers.mesh_utils. Internalize the narrow submesh-construction helper and characterize ownership/cleanup.
tttv1_namespace_import,models,models/common/models/phi4/generator.py,463,_create_submeshes,create_submeshes,from models.tt_transformers.tt.generator import create_submeshes,Owner: tt_transformers.mesh_utils. Internalize the narrow submesh-construction helper and characterize ownership/cleanup.
tttv1_namespace_import,models,models/common/models/qwen25_72b/generator.py,344,_create_submeshes,create_submeshes,from models.tt_transformers.tt.generator import create_submeshes,Owner: tt_transformers.mesh_utils. Internalize the narrow submesh-construction helper and characterize ownership/cleanup.
tttv1_namespace_import,models,models/common/models/qwen25_7b/generator.py,463,_create_submeshes,create_submeshes,from models.tt_transformers.tt.generator import create_submeshes,Owner: tt_transformers.mesh_utils. Internalize the narrow submesh-construction helper and characterize ownership/cleanup.
tttv1_namespace_import,models,models/common/models/qwen25_coder_32b/generator.py,345,_create_submeshes,create_submeshes,from models.tt_transformers.tt.generator import create_submeshes,Owner: tt_transformers.mesh_utils. Internalize the narrow submesh-construction helper and characterize ownership/cleanup.
tttv1_namespace_import,models,models/common/models/qwen2_7b/generator.py,463,_create_submeshes,create_submeshes,from models.tt_transformers.tt.generator import create_submeshes,Owner: tt_transformers.mesh_utils. Internalize the narrow submesh-construction helper and characterize ownership/cleanup.
tttv1_namespace_import,models,models/common/models/qwen3_32b/generator.py,347,_create_submeshes,create_submeshes,from models.tt_transformers.tt.generator import create_submeshes,Owner: tt_transformers.mesh_utils. Internalize the narrow submesh-construction helper and characterize ownership/cleanup.
from_model_args_factory,modules,models/common/modules/attention/attention_1d.py,1377,Attention1D,Attention1D.from_model_args,"(cls, mesh_device, tt_ccl, args, state_dict, weight_cache_path, layer_num: int, transformation_mats: dict[str, ttnn.Tensor], paged_attention_config=None, use_paged_kv_cache: bool=False)",Remove after characterization; this is an explicit TTTv1 ModelArgs bridge per the migration plan.
tttv1_namespace_import,modules,models/common/modules/attention/attention_1d.py,1392,Attention1D.from_model_args,OpGroup,from models.tt_transformers.tt.model_config import OpGroup,Owner: TTTv1 bridge removal. Remove the from_model_args bridge that consumes OpGroup/TensorGroup; do not internalize legacy model config.
tttv1_namespace_import,modules,models/common/modules/attention/attention_1d.py,1392,Attention1D.from_model_args,TensorGroup,from models.tt_transformers.tt.model_config import TensorGroup,Owner: TTTv1 bridge removal. Remove the from_model_args bridge that consumes OpGroup/TensorGroup; do not internalize legacy model config.
from_model_args_factory,modules,models/common/modules/embedding/embedding_1d.py,153,Embedding1D,Embedding1D.from_model_args,"(cls, mesh_device, args, weight_cache_path, state_dict, dtype, embed_scale: float=1.0)",Remove after characterization; this is an explicit TTTv1 ModelArgs bridge per the migration plan.
from_model_args_factory,modules,models/common/modules/lm_head/lm_head_1d.py,170,LMHead1D,LMHead1D.from_model_args,"(cls, mesh_device, args, state_dict, state_dict_prefix, weight_cache_path, max_columns_per_device, dtype=None, model_config=None, tt_ccl=None)",Remove after characterization; this is an explicit TTTv1 ModelArgs bridge per the migration plan.
tttv1_namespace_import,modules,models/common/modules/mlp/mlp_1d.py,36,<module>,Mode,from models.tt_transformers.tt.common import Mode,Owner: tt_transformers.llm_runtime neutral mode contract. Replace with a TTTv2-owned enum/Literal or the existing string-only prefill/decode contract.
from_model_args_factory,modules,models/common/modules/mlp/mlp_1d.py,479,MLP1D,MLP1D.from_model_args,"(cls, mesh_device, tt_ccl, args, state_dict, weight_cache_path, layer_num: int, dtype=None, model_config=None, state_dict_prefix: Optional[str]=None, prefetcher=None)",Remove after characterization; this is an explicit TTTv1 ModelArgs bridge per the migration plan.
tttv1_namespace_import,modules,models/common/modules/mlp/mlp_1d.py,514,MLP1D.from_model_args,OpGroup,from models.tt_transformers.tt.model_config import OpGroup,Owner: TTTv1 bridge removal. Remove the from_model_args bridge that consumes OpGroup/TensorGroup; do not internalize legacy model config.
tttv1_namespace_import,modules,models/common/modules/mlp/mlp_1d.py,514,MLP1D.from_model_args,TensorGroup,from models.tt_transformers.tt.model_config import TensorGroup,Owner: TTTv1 bridge removal. Remove the from_model_args bridge that consumes OpGroup/TensorGroup; do not internalize legacy model config.
from_model_args_factory,modules,models/common/modules/mlp/mlp_2d.py,483,MLP2D,MLP2D.from_model_args,"(cls, mesh_device, tt_ccl, args, state_dict, weight_cache_path, layer_num: int, state_dict_prefix: Optional[str]=None)",Remove after characterization; this is an explicit TTTv1 ModelArgs bridge per the migration plan.
tttv1_namespace_import,modules,models/common/modules/mlp/mlp_2d.py,507,MLP2D.from_model_args,OpGroup,from models.tt_transformers.tt.model_config import OpGroup,Owner: TTTv1 bridge removal. Remove the from_model_args bridge that consumes OpGroup/TensorGroup; do not internalize legacy model config.
tttv1_namespace_import,modules,models/common/modules/mlp/mlp_2d.py,507,MLP2D.from_model_args,TensorGroup,from models.tt_transformers.tt.model_config import TensorGroup,Owner: TTTv1 bridge removal. Remove the from_model_args bridge that consumes OpGroup/TensorGroup; do not internalize legacy model config.
from_model_args_factory,modules,models/common/modules/rmsnorm/rmsnorm_1d.py,339,RMSNorm1D,RMSNorm1D.from_model_args,"(cls, mesh_device, tt_ccl, args, state_dict, weight_cache_path, layer_num: int, weight_key: str, state_dict_prefix: Optional[str]=None, sharded_program_config=None, sharded_output_config=None)",Remove after characterization; this is an explicit TTTv1 ModelArgs bridge per the migration plan.
from_model_args_factory,modules,models/common/modules/rmsnorm/rmsnorm_2d.py,277,RMSNorm2D,RMSNorm2D.from_model_args,"(cls, mesh_device, tt_ccl, args, state_dict, weight_cache_path, layer_num: int, weight_key: str, state_dict_prefix: Optional[str]=None)",Remove after characterization; this is an explicit TTTv1 ModelArgs bridge per the migration plan.
legacy_dispatch_or_adapter,modules,models/common/modules/rope/rope_1d.py,251,RotarySetup1D,RotarySetup1D.get_rot_idxs,"(self, position_idxs: 'torch.Tensor', on_host: bool=False) -> ttnn.Tensor","Characterize direct callers, then remove the TTTv1-only adapter while retaining the TTTv2 core path."
legacy_dispatch_or_adapter,modules,models/common/modules/rope/rope_1d.py,255,RotarySetup1D,RotarySetup1D.get_rot_mats,"(self, position_idxs: 'Union[torch.Tensor, ttnn.Tensor]', return_rot_idxs: bool=False) -> 'Union[List[ttnn.Tensor], Tuple[List[ttnn.Tensor], ttnn.Tensor]]'","Characterize direct callers, then remove the TTTv1-only adapter while retaining the TTTv2 core path."
from_model_args_factory,modules,models/common/modules/rope/rope_1d.py,280,RotarySetup1D,RotarySetup1D.from_model_args,"(cls, device: Any, args, model_name: str='unknown')",Remove after characterization; this is an explicit TTTv1 ModelArgs bridge per the migration plan.
tttv1_namespace_import,modules,models/common/modules/rope/rope_1d.py,291,RotarySetup1D.from_model_args,rope_scaling_model_factory,from models.tt_transformers.tt.common import rope_scaling_model_factory,Owner: TTTv1 bridge removal. Remove RotarySetup1D.from_model_args; do not carry the TTTv1 rope-scaling factory.
tttv1_namespace_import,modules,models/common/modules/rope/rope_1d.py,300,RotarySetup1D.from_model_args,compute_gather_cos_sin,from models.tt_transformers.tt.rope import compute_gather_cos_sin,Owner: TTTv1 bridge removal. Remove RotarySetup1D.from_model_args and use TTTv2-owned RoPE table construction paths.
from_model_args_factory,modules,models/common/modules/sampling/penalties_1d.py,148,Penalties1D,Penalties1D.from_model_args,"(cls, mesh_device, args) -> Penalties1D",Remove after characterization; this is an explicit TTTv1 ModelArgs bridge per the migration plan.
from_model_args_factory,modules,models/common/modules/sampling/sampling_1d.py,674,Sampling1D,Sampling1D.from_model_args,"(cls, mesh_device, tt_ccl, args, model_config=None) -> Sampling1D",Remove after characterization; this is an explicit TTTv1 ModelArgs bridge per the migration plan.
